Actual,LogReg_Predicted,LogReg_Probability,XGB_Predicted,XGB_Probability
0,0,0.01411646756210728,0,0.0056283143
0,0,0.6161676350852251,0,0.6686258
0,0,0.005122806094698165,0,0.02108019
1,0,0.2969355723469238,0,0.108084284
0,0,0.10942858761485354,0,0.5465872
1,0,0.5134188445817996,0,0.45604697
0,0,0.024769982204026895,0,0.0493991
0,0,0.24084336942910525,0,0.10312029
1,0,0.6815142406014193,1,0.7159943
0,0,0.012032310959151159,0,0.0030611618
0,1,0.7410911313699451,0,0.63811874
0,0,0.19301952075405399,0,0.027891431
0,0,0.690320195799099,1,0.8785431
0,0,0.05047556852616731,0,0.03355575
1,0,0.17154881851681392,0,0.01558427
1,1,0.8090088997622067,1,0.9438218
1,0,0.6573384868666922,0,0.6733818
1,0,0.5955027330490611,0,0.6492062
0,0,0.22110056196736416,0,0.025890054
0,0,0.0023496441116130358,0,0.0003586443
0,0,0.0019741308956614913,0,0.0011315262
0,0,0.4916493552307527,0,0.17364922
0,0,0.47384575404868295,0,0.3220018
1,0,0.1539757338670833,0,0.039057642
0,0,0.34326903796558084,0,0.044747505
1,0,0.4125592525594761,0,0.44401506
0,0,0.29125188443316724,0,0.18416524
0,0,0.009103583912545963,0,0.0032140955
0,0,0.017362502614939764,0,0.043231707
1,0,0.30995862537985874,0,0.09376346
0,0,0.04968744286425058,0,0.0199919
1,1,0.7559570105167804,1,0.9813038
0,0,0.38675031003891663,1,0.9082989
0,0,0.016253381985814924,0,0.013445378
1,1,0.7136109822114072,1,0.7750086
0,0,0.6339686592368431,0,0.3031642
0,0,0.15827803439847288,0,0.024273083
0,0,0.02060198072199502,0,0.00041097097
1,0,0.3041235459936938,0,0.2770709
0,0,0.2818581018032124,0,0.5042192
0,0,0.03356238465719952,0,0.013402474
0,0,0.006416746564517779,0,0.0013251556
0,0,0.06606117817601359,0,0.12487191
0,0,0.046244011363693785,0,0.012112858
0,0,0.004681475762622939,0,0.060249373
0,0,0.15786942436014811,0,0.17571305
0,0,0.028648966202349586,0,0.051607143
0,0,0.06902261226291874,0,0.03797216
0,0,0.006829858954460584,0,0.0047925645
0,0,0.07206832730998983,0,0.021738926
0,0,0.43715752554964593,0,0.6683578
0,0,0.02341839779825202,0,0.02202228
0,0,0.3857008666167389,0,0.6808307
1,0,0.6240981499798914,1,0.74264294
0,0,0.04352060435667721,0,0.0073791873
0,0,0.031302793589959486,0,0.0012492584
0,0,0.35853313312452634,0,0.23426881
0,0,0.4978605792674102,0,0.28873274
0,0,0.0038132726207391215,0,0.0042486866
1,1,0.7661229570616607,1,0.7103534
0,0,0.024676617138698013,0,0.005973358
0,0,0.08083871840351362,0,0.1113753
0,0,0.6570904055377673,0,0.69348353
0,0,0.01820922474426516,0,0.0025522814
0,0,0.0090750447549442,0,0.008347339
0,0,0.1412709736038069,0,0.04714585
0,0,0.005013010664735586,0,0.2722857
0,0,0.12816645527738474,0,0.007555264
0,0,0.0013754801422956283,0,0.00052669615
0,0,0.1547360163430153,0,0.06199453
0,0,0.001531481713274756,0,0.00029883496
1,1,0.7493809421816072,1,0.86776555
0,0,0.006547472766005887,0,0.0042066257
1,0,0.3714058871112612,0,0.23942381
0,0,0.002659537209090061,0,0.0010186678
1,0,0.6009352197938357,0,0.45666465
0,0,0.49150298534111725,1,0.8102107
0,0,0.025732716549076638,0,0.020525713
0,0,0.007126815088834851,0,0.0017004577
0,0,0.1414824716378973,0,0.44967875
0,0,0.028076366455158416,0,0.00046767388
0,0,0.06635605013578766,0,0.021402078
0,0,0.016154253306060132,0,0.003209583
1,0,0.6991590284589797,0,0.6888063
0,0,0.0198611198612634,0,0.040034797
0,0,0.0010332696697339246,0,0.00064687064
0,0,0.35024190292468393,0,0.4861214
1,0,0.15450394178818797,0,0.376515
0,1,0.7571414446203705,1,0.9178887
0,0,0.41372522557628566,0,0.30528775
0,0,0.06562141737343895,0,0.017038018
1,1,0.7103596495190898,0,0.66122484
0,0,0.050489172655727596,0,0.0031150442
0,0,0.34660035950499535,0,0.13325977
0,0,0.02467431926819034,0,0.004542697
0,0,0.09175562868731038,0,0.033041853
0,0,0.006915062162636114,0,0.0013247782
0,0,0.4092239350960328,0,0.17859837
0,0,0.4075300078423396,0,0.38758537
0,0,0.04993304614936956,0,0.0040626237
0,0,0.48093673820866295,0,0.69148654
0,0,0.46519618140224206,0,0.26762548
0,0,0.19946378457278974,0,0.5058641
0,0,0.27104376878191255,0,0.6135563
1,0,0.04670670023052638,0,0.007138161
0,0,0.4617173316839037,0,0.48289007
1,0,0.6383168998711339,0,0.46513948
0,0,0.6213531861812798,1,0.93465394
0,1,0.7160692645835247,0,0.66690344
1,0,0.5975246709299793,1,0.8254951
0,0,0.39091869280454056,1,0.8319965
0,0,0.5085996360031837,0,0.27552116
0,0,0.007662601297851934,0,0.00085496204
0,0,0.022724516903066497,0,0.0008867147
0,0,0.03188558092247724,0,0.0012046547
1,1,0.8126076601410183,1,0.90118784
0,0,0.49604722656794076,0,0.2992802
0,0,0.0021709057297613697,0,9.6098105e-05
0,0,0.013259366400920508,0,0.005138346
1,0,0.46327327624675124,1,0.7273365
0,0,0.030595686752390664,0,0.016637487
0,0,0.03563643795654721,0,0.002006881
0,0,0.08739100737391063,0,0.030762536
1,0,0.17396065844899924,0,0.03954417
1,0,0.5369091077395417,1,0.7792621
0,0,0.4444801430028538,0,0.20817304
1,1,0.7934834736642077,1,0.92554605
0,0,0.005038183892420413,0,0.0023733838
0,0,0.0024526056276277957,0,0.0007695115
0,0,0.03764144320404492,0,0.05236449
0,0,0.014171319727453946,0,0.0024507246
1,1,0.7241655627671786,0,0.66507465
0,0,0.004604199714452029,0,0.0010883036
1,0,0.5160175450029124,1,0.8834474
0,0,0.010305281630126908,0,0.0012206284
0,0,0.08073010281837868,0,0.00748295
1,1,0.7193526202233745,1,0.90806156
0,1,0.7798351874246695,1,0.8247737
0,0,0.3433072837024175,0,0.34316924
0,0,0.23113785936239414,0,0.034469996
0,0,0.0021222282134317344,0,0.00033525264
0,0,0.11119420778123534,0,0.0011337764
0,0,0.2969631537445931,0,0.68996304
0,0,0.009946022053452071,0,0.011678818
1,0,0.2664892432851463,0,0.17376709
0,0,0.5700671711382052,1,0.8623974
0,0,0.05375576716031461,0,0.012555398
0,0,0.697598134409556,1,0.7537029
0,0,0.007170716707411484,0,0.004017959
0,0,0.12002115910381794,0,0.101000875
0,0,0.008871459733688851,0,0.002930076
1,0,0.27611847637140186,0,0.38615966
0,0,0.35492139999141464,1,0.86940384
0,0,0.007366459881868824,0,0.0018565014
1,0,0.5685245778847323,0,0.46772867
0,0,0.02737802417179746,0,0.12865096
1,0,0.6485769909083224,0,0.38654858
0,0,0.013756992149647129,0,0.00017024016
0,0,0.024414523980246475,0,0.0012422251
0,0,0.0946536181094966,0,0.016774075
0,0,0.48515621896799527,1,0.7388365
0,0,0.009687714269911836,0,0.0010270732
0,0,0.02127691380228325,0,0.008616668
1,0,0.31655585373697404,0,0.09170716
0,0,0.1351815514285129,0,0.010053
0,0,0.22207084171286598,0,0.1956406
0,0,0.2918698853271103,0,0.11132133
0,0,0.004570479332702954,0,0.00069484924
0,0,0.09226987785698448,0,0.018132122
0,0,0.03721842221615335,0,0.016283043
0,0,0.1698745018652862,0,0.16431078
0,0,0.008856024775707313,0,0.0025316556
0,0,0.5991393744836913,0,0.44814157
0,0,0.056506824364562926,0,0.060091164
0,0,0.48218634108543107,0,0.4467497
1,1,0.7219517012106722,0,0.5738665
0,0,0.19055098099849083,0,0.034593303
1,1,0.728018218826904,1,0.8027945
0,0,0.07236719447963638,0,0.014350223
0,0,0.00381279927804712,0,0.00059075037
0,0,0.007673998428525812,0,0.0016320288
1,0,0.45649128430473296,0,0.2781698
1,0,0.3886717632685592,0,0.03546407
1,0,0.5318832309547148,0,0.2326985
0,0,0.0020877598288896347,0,0.0008979872
1,0,0.6837559029275398,1,0.8725023
1,1,0.7100317907969103,1,0.94900733
0,0,0.00459105719682106,0,0.04325058
0,0,0.027844902547748667,0,0.0074785776
0,0,0.4847727540738886,0,0.45796975
0,0,0.24488827302617205,0,0.039829213
0,0,0.01806230519953351,0,0.0051671476
0,0,0.027430160588944777,0,0.012989721
0,0,0.6200700530672031,1,0.91091186
1,1,0.764078038141216,1,0.86174
0,0,0.5745173712117592,0,0.481692
0,0,0.13176092113521967,0,0.271293
0,0,0.01904963676724969,0,0.009662101
0,0,0.017691164110452354,0,0.0039480743
1,0,0.5749042189585332,1,0.77339697
0,0,0.017944050317669547,0,0.11505947
0,0,0.2577655198649284,0,0.5652933
0,0,0.15369030776764173,0,0.38059515
0,0,0.08245937512915416,0,0.045524225
0,0,0.4930981822685298,0,0.30851918
0,0,0.6936924638020486,1,0.7124257
0,0,0.35253009004297703,1,0.70787334
1,0,0.34023852792079673,0,0.23402886
1,0,0.5116209872693185,0,0.23159134
0,0,0.1915296523474994,0,0.012284436
1,0,0.6487756336258843,0,0.3396621
0,1,0.8575136100229679,1,0.927327
1,0,0.42138932413040536,0,0.4720909
0,0,0.40617559816521376,0,0.16401505
1,1,0.7404062443406502,1,0.91095257
0,0,0.31926394451275325,0,0.2371051
0,0,0.02790789668650758,0,0.006549536
0,0,0.2796168737666593,0,0.10206251
1,0,0.5543095962837439,0,0.59519243
0,0,0.03030758846394763,0,0.007827727
0,0,0.2862176649895234,0,0.2665566
1,0,0.6338800607582307,0,0.31580752
1,0,0.6554887915427252,1,0.83059305
0,0,0.19755821293471837,0,0.15326913
0,0,0.024477358081055424,0,0.004710641
0,0,0.3336032957942055,0,0.08328224
0,0,0.4220094816309158,0,0.47038695
1,0,0.29838816446956307,1,0.75490797
0,0,0.22452465612199402,0,0.026266702
0,0,0.3072069421348783,1,0.80351603
1,0,0.3084816207159874,0,0.36325482
0,0,0.02746373037450621,0,0.001305774
0,0,0.022003055236244743,0,0.008495415
0,0,0.5995467972168035,0,0.32541445
0,0,0.44682239211387287,0,0.20040572
0,0,0.009612724965779184,0,0.0053798147
0,0,0.007425213258880643,0,0.0027210747
0,0,0.011798539927987593,0,0.028892145
0,0,0.01153385242541229,0,0.0038628464
0,0,0.006202668910391981,0,0.012531762
0,0,0.03977339224250575,0,0.07532554
1,0,0.3115034657504643,0,0.2501588
0,0,0.33399402054728283,0,0.03255683
1,0,0.29082439929399584,0,0.35252148
0,0,0.011071655533459658,0,0.014351545
0,0,0.026113670877932166,0,0.005997313
0,0,0.001518835678832239,0,0.00053240993
1,0,0.428124826784405,0,0.29743436
1,0,0.6811535550626172,1,0.9578287
0,0,0.18551044371655678,0,0.11115153
0,0,0.028817810064281572,0,0.044366006
0,0,0.14992334460955112,0,0.0107587045
0,0,0.5568645546767811,0,0.17790204
0,0,0.007919377204187148,0,0.0016638545
0,0,0.052569456735382956,0,0.00992208
1,0,0.6934197940809909,0,0.55228
0,0,0.002236455954945601,0,0.0035986155
1,0,0.28379894245482595,0,0.17987758
0,0,0.3198957788370096,0,0.17679828
1,1,0.7538569044235703,0,0.62082195
0,0,0.0018905212130388325,0,0.0006613986
1,1,0.7574580783465177,1,0.96842825
1,0,0.4524988871277346,1,0.89960355
0,0,0.1702361229019025,0,0.0358335
0,0,0.013673821435784762,0,0.0014844065
1,0,0.5705426330687042,0,0.6822291
0,0,0.39978713368865026,0,0.6061369
0,0,0.06034990055497498,0,0.0016454251
1,0,0.39953900408684734,0,0.3740632
0,0,0.4156478753335298,0,0.1376551
0,1,0.7085052634312714,0,0.57813376
0,0,0.4825188112254752,0,0.4155481
0,0,0.011588216090025536,0,0.00073527073
1,0,0.2930995499427066,0,0.66267836
0,0,0.062092111936384815,0,0.01234536
1,0,0.39909984394509884,0,0.12732595
1,1,0.7482476865163699,1,0.8554237
0,0,0.02921598233422836,0,0.12855874
0,0,0.024286025883291686,0,0.0015969087
0,0,0.22234472054666676,0,0.07202553
1,0,0.11220704384044837,0,0.011075204
1,0,0.6191940163835146,0,0.26864877
0,0,0.14326952146425537,0,0.041898027
0,0,0.041084359020669654,0,0.0044698436
1,0,0.3154572763769373,0,0.04980658
0,0,0.19301849787005704,0,0.083673224
1,0,0.4848038478401196,0,0.42750394
0,0,0.05873298679603887,0,0.0011156342
0,0,0.03903589940265477,0,0.2167798
0,0,0.2560216546299584,0,0.22158659
0,0,0.22798292168246204,0,0.07069497
0,0,0.07358477626068786,0,0.018339396
0,0,0.3452196108602727,0,0.025230948
1,0,0.05056355262869504,0,0.026350845
1,0,0.35536212251834465,0,0.06656511
0,0,0.0756698335363054,0,0.08311526
0,0,0.009431868230676118,0,0.063731626
0,0,0.37961601043427384,0,0.2693148
0,0,0.016183334482122672,0,0.011900609
0,0,0.04663932555561991,0,0.0020928155
1,0,0.08410105989054172,0,0.055870526
0,0,0.42183954695192877,0,0.38596722
0,0,0.006594136357674329,0,0.014156019
0,0,0.1847242813345796,0,0.23589282
1,1,0.7545352454217936,1,0.9813038
0,0,0.43673259423225946,0,0.36530876
0,0,0.011903208893017398,0,0.00030801282
1,0,0.46892413438502406,0,0.60744107
0,0,0.012292944905049483,0,0.004683823
0,0,0.006907957171440496,0,0.009333475
1,0,0.6200863396407164,0,0.19805503
0,0,0.30966639910624644,0,0.6507605
0,0,0.2915369645909651,0,0.25319657
0,0,0.014248197651239754,0,0.003868884
0,0,0.002342542913213368,0,0.036209777
1,0,0.03095090905989091,0,0.014103757
0,0,0.15437206910421247,0,0.119572036
0,0,0.2519372156734807,0,0.68626744
0,0,0.16350246090076384,0,0.12102104
0,0,0.007571228952006214,0,0.02096405
0,0,0.022887388792940624,0,0.0029976731
0,0,0.07082276092684794,0,0.28067058
0,0,0.30234804062938375,0,0.64256495
0,0,0.46170396311421597,0,0.05786752
1,0,0.6946073001779048,1,0.9365936
0,0,0.6280974921474237,1,0.8310989
0,0,0.08647907649769628,0,0.007457491
0,0,0.0077196705261777234,0,9.6506395e-05
0,0,0.0793723385893168,0,0.019123357
0,0,0.6902341677812904,1,0.89980835
0,0,0.331458225682916,0,0.24022904
0,0,0.28140649321049194,0,0.08119721
0,0,0.024941764854183184,0,0.0008817813
0,1,0.7083688652232962,1,0.7588045
1,1,0.7179030595529834,1,0.79883015
1,0,0.3519150985770124,0,0.29795474
0,0,0.006564445894543754,0,0.0056448304
0,0,0.040695754166923614,0,0.023074497
1,0,0.11132547953365121,0,0.3722977
0,0,0.2208357379629127,0,0.058529343
0,0,0.315939061050882,0,0.112366974
0,1,0.745855017540134,1,0.83674854
0,0,0.2398160401224909,0,0.52388465
0,0,0.133562972882748,0,0.13037412
0,0,0.25010500682307774,0,0.026120322
0,0,0.5865483176583373,0,0.55816054
1,1,0.807541107335415,1,0.7380569
0,0,0.42278704186900723,0,0.35602692
0,0,0.007143364533407352,0,0.0056662397
1,0,0.6117162171217482,1,0.8094436
0,0,0.49588432745742894,0,0.15336548
0,0,0.044466458048103605,0,0.001995264
0,0,0.013646490461975786,0,0.0010996154
1,1,0.7766510177181626,1,0.8702484
1,0,0.5836271734609678,0,0.4210042
0,0,0.058809501693109584,0,0.018755883
0,0,0.681964430213749,0,0.4208168
1,1,0.7751950956760075,1,0.88733727
0,0,0.04287690517226963,0,0.0014983147
0,0,0.008885802628815664,0,0.0017857688
0,1,0.7166687949084338,1,0.7495474
0,0,0.6212146917541764,0,0.57149565
0,0,0.19104755451132788,0,0.121319965
0,0,0.3861497312804269,0,0.334052
1,1,0.7337102006240559,1,0.7679558
0,0,0.04568700983901454,0,0.098787166
1,0,0.3416443196338271,0,0.32948947
0,0,0.030825336632181344,0,0.0036946114
1,0,0.14490180700646577,0,0.12505071
1,1,0.7814235076754047,1,0.9797569
0,0,0.17989053975971023,0,0.15405251
0,0,0.31352203528435124,0,0.4181494
0,0,0.010393410760108579,0,0.00521571
1,0,0.5342696174928677,0,0.14855008
1,0,0.5667385916355532,0,0.19668229
0,0,0.014789186461606922,0,0.00078675826
0,1,0.750418518198862,1,0.8157744
0,0,0.012860929703486079,0,0.0080844145
0,0,0.27746451042451714,0,0.015275166
0,0,0.16537940352356414,0,0.027758665
1,1,0.7448830204420896,1,0.91466606
0,0,0.07518508664689409,0,0.096634194
0,0,0.12794073002747722,0,0.19339146
1,0,0.3794013757100209,0,0.12937877
0,0,0.6381515238458205,1,0.8355057
0,0,0.40979567327574484,0,0.06770359
1,0,0.5225229921020822,0,0.6174351
0,0,0.0695531242696717,0,0.053549223
0,0,0.4309743554922201,0,0.25340563
0,0,0.03644528376148393,0,0.0006984463
0,0,0.5193924491412912,0,0.4671301
1,0,0.48298297408911023,1,0.73463243
1,0,0.36597052034029565,0,0.10250848
0,0,0.5915178068484838,0,0.5848596
0,1,0.8083928915017256,1,0.9061755
1,0,0.6196808325657212,0,0.3558733
1,0,0.6712798698021891,0,0.33360466
1,1,0.776490517035617,1,0.97734284
0,1,0.7688915945180667,1,0.72654396
0,0,0.003925235380332525,0,0.1057732
0,0,0.0039538646410310525,0,0.011999405
0,0,0.38038981039346625,0,0.37380782
0,1,0.7359619714653434,1,0.96586376
0,0,0.6396943484718458,0,0.5751874
0,0,0.2524931245367856,0,0.30785656
0,0,0.42922965469176444,0,0.41977063
0,0,0.2612515165597246,0,0.20055409
0,1,0.7595307544466201,1,0.94178617
0,0,0.023684406540187313,0,0.0025413733
0,0,0.4114718296141006,0,0.39311165
0,0,0.19541251043459135,0,0.04946551
1,1,0.7654346085595798,0,0.60894924
1,0,0.3786598645666681,0,0.5009411
0,0,0.4539466343527396,0,0.56132835
0,1,0.7764326179961943,1,0.87578744
1,0,0.6456539218507821,0,0.42880473
0,0,0.12911113755580117,0,0.012720032
0,0,0.5831036508950903,1,0.85889363
0,0,0.05736067544384541,0,0.13704953
1,0,0.4875234105352684,0,0.16336155
1,0,0.07943614568597582,0,0.06856645
0,0,0.010642386075544888,0,0.0100307865
0,0,0.13717435235293657,0,0.16963376
1,0,0.5102105086613301,0,0.6309575
0,0,0.047592862201389224,0,0.23928261
0,0,0.004037614387512849,0,0.0028271663
0,0,0.04269155970652417,0,0.017523482
1,0,0.3885761178014499,0,0.513834
0,0,0.020780677799346652,0,0.030652452
0,0,0.002013866657073886,0,0.0033578945
1,0,0.6254409879750744,1,0.7497674
0,0,0.0926659541185717,0,0.06326803
0,0,0.03533170746226277,0,0.11262753
0,0,0.6779768825822483,0,0.62021303
0,0,0.5162114490147918,0,0.49159694
0,0,0.04047466804439059,0,0.01904894
1,1,0.7564359595251817,1,0.8081336
1,1,0.7702528531670851,1,0.9222748
0,0,0.12519366548623645,0,0.025064044
1,1,0.8146095768109618,1,0.97433114
1,0,0.37691353271955774,0,0.40088773
0,0,0.018632591238634675,0,0.005990015
1,0,0.31787663077241574,0,0.61997086
0,0,0.01525412089902376,0,0.029156951
0,0,0.23436206253120412,0,0.103505835
0,0,0.43550676252616366,0,0.3717925
0,1,0.7519938967241272,1,0.92900616
0,0,0.004635681484341837,0,0.04248963
0,0,0.010390547027353191,0,0.0015360871
1,0,0.5153620747909575,0,0.34039903
1,0,0.09032497756970723,0,0.017275
0,0,0.013232153906440456,0,0.0010707511
1,0,0.4742649904049551,0,0.4056303
0,0,0.020845802257187244,0,0.0011731276
1,0,0.5766787326021874,1,0.8393767
0,0,0.11724165468094683,0,0.45728302
1,0,0.6202713642540798,1,0.91091186
0,0,0.28291677501108525,0,0.018594293
0,0,0.4929581752685217,1,0.7248811
0,0,0.0765797380164891,0,0.036808405
0,0,0.001412821072537638,0,0.00067915
0,0,0.04071700173938859,0,0.011575557
0,0,0.003485006740227426,0,0.00051467615
0,0,0.0466389285314849,0,0.0036752913
1,1,0.7991845146065863,1,0.94161355
1,0,0.523203388347646,0,0.6164581
0,0,0.4441487646955415,0,0.23928094
1,0,0.584394012541913,0,0.5527217
1,1,0.8009363743090226,1,0.9485823
1,0,0.699043815527232,1,0.92099667
0,0,0.31278676723467896,1,0.7827012
1,0,0.5963818809551024,0,0.3409952
1,0,0.10173564440280279,0,0.090129614
1,0,0.4077057075287572,0,0.18006198
1,0,0.1991641356019682,0,0.069119275
1,1,0.7268433890973265,1,0.93503064
0,0,0.002921829020326772,0,0.0012260186
0,0,0.0132852496365691,0,0.04672826
0,0,0.09346665033422502,0,0.047115166
1,0,0.22387501128239065,0,0.6070596
0,0,0.2638156608067207,0,0.10805921
0,0,0.14758925716343552,0,0.02247483
0,0,0.021597282784335262,0,0.04947542
0,0,0.004905862012901708,0,0.0015337777
0,0,0.006119529469110305,0,0.0026150467
0,0,0.07076038915136777,0,0.01821452
0,0,0.0032020207468475732,0,0.0011600107
1,0,0.23704334840464766,0,0.19115357
1,0,0.12566289074025982,0,0.040446382
0,0,0.343222842464407,0,0.48821434
1,1,0.7705708815925884,1,0.8425403
0,0,0.5432465872037119,0,0.088795036
0,0,0.15207280964786263,0,0.021175494
1,0,0.5419570396696131,0,0.4805657
0,0,0.001784829962812263,0,0.00046438014
0,0,0.18361577621299777,0,0.019065399
0,0,0.01554489348170311,0,0.003645445
1,1,0.7025072362541652,1,0.8676431
1,0,0.6390566777234831,1,0.85313874
0,0,0.288276264230913,0,0.6073133
1,0,0.39040505772635603,0,0.30746067
0,0,0.009680067509820521,0,0.009171052
0,0,0.6864595004928425,1,0.91649806
1,1,0.7752818762538153,1,0.879526
1,0,0.667917450520531,1,0.73856056
0,0,0.3203418484564458,0,0.25695089
0,0,0.1785427371676307,0,0.035247114
0,0,0.27474888374109635,0,0.25985596
0,0,0.17405516652494982,0,0.21220088
0,0,0.3201139119016669,0,0.066106424
1,0,0.6263711348150404,1,0.9546321
0,0,0.1523924563936263,0,0.11253006
0,0,0.007046008222456264,0,0.0006043202
0,0,0.061883002553286354,0,0.6685059
0,0,0.03610132342232807,0,0.0037257825
0,0,0.49460814275775045,0,0.5257839
0,0,0.48013994519349507,0,0.5952776
0,0,0.0030924761061179914,0,0.004555277
1,0,0.2862536443125171,0,0.04624988
1,0,0.5531290119748999,1,0.7031527
0,0,0.032884046953421016,0,0.0045343167
0,0,0.053530309750412106,0,0.15230197
0,0,0.36563511803252063,0,0.24840856
1,0,0.12146837606814623,0,0.031265885
1,0,0.57156888886381,1,0.74075603
0,0,0.10133101587190638,0,0.0053958977
0,1,0.7289663200351969,1,0.8348118
1,0,0.6276869641893577,0,0.18742299
0,0,0.047228599519116884,0,0.002895766
1,0,0.6889229823072363,0,0.43690172
0,0,0.13218101392564355,0,0.35793182
1,0,0.3853324321289752,1,0.89518934
1,0,0.3104036542637113,0,0.62136805
0,0,0.009928053887451016,0,0.038977355
0,0,0.05840473568481141,0,0.055860613
1,0,0.6180405867441547,0,0.58299863
0,0,0.3048165910029568,0,0.19932196
0,0,0.002089062856804455,0,0.0013694213
1,0,0.679253062821344,0,0.6855549
1,0,0.6887920652253263,0,0.36728126
0,0,0.37644043655386894,0,0.11663529
0,0,0.4316645952272905,0,0.06451776
0,0,0.0041464505973088095,0,0.0029998473
0,0,0.18457075660181968,0,0.034995586
0,0,0.28106771857622415,0,0.26988608
0,0,0.0714180385087215,0,0.086382054
0,0,0.38112330002105194,0,0.25020704
1,0,0.6700570096931295,1,0.86095524
0,0,0.009956614951408219,0,0.003276536
0,0,0.28766652522568276,0,0.03584229
0,1,0.7283113985097386,0,0.6494778
1,0,0.6016982871420562,0,0.27737322
1,0,0.6359050995570656,0,0.5110129
1,0,0.6753421947327835,1,0.92365795
0,0,0.536309787863013,0,0.22505014
1,0,0.09225264151438234,0,0.08859133
0,0,0.0493445386407238,0,0.009271455
0,0,0.014290438468084756,0,0.0034348671
0,0,0.5487516842574152,0,0.41928262
0,0,0.027350524624269814,0,0.06741059
0,0,0.09943670825778363,0,0.03894033
0,0,0.002075786249284607,0,0.0015033631
0,0,0.1666942873946345,0,0.123449214
0,0,0.021170361096579174,0,0.0024440228
0,0,0.057676044373782376,0,0.00089454354
0,0,0.04512668767687952,0,0.14235339
1,0,0.49325914994487147,0,0.22275108
0,0,0.2538608834868863,0,0.18806471
0,0,0.07557325527950758,0,0.009186665
1,1,0.760535724259054,1,0.9005066
0,0,0.07516321856782603,0,0.020578424
1,0,0.059339365447683784,0,0.07824717
0,0,0.0037737135108435777,0,0.0019452753
0,0,0.2849586973041793,0,0.041876633
1,0,0.4666436459598087,0,0.5382122
0,0,0.1650228500388497,0,0.25857532
0,0,0.5489968110715516,0,0.6185118
0,0,0.40676108204054523,0,0.17789088
0,0,0.595991253910754,0,0.5186507
0,0,0.22315562457140095,0,0.2610235
0,0,0.10814333716171509,0,0.007150473
0,0,0.665021496564196,1,0.7261325
0,0,0.011273374197334958,0,0.008244948
0,0,0.11335353996809165,0,0.08143509
1,0,0.3072069421348783,1,0.80351603
0,0,0.12328211519398423,0,0.10604654
1,1,0.7957235312692722,0,0.633069
0,1,0.7183059286526776,0,0.572105
0,0,0.1604454037359883,0,0.38905105
0,0,0.05074625194140114,0,0.058063857
0,0,0.3256211123567084,0,0.08092123
1,1,0.8271680066079008,1,0.9903645
0,0,0.023056992000105716,0,0.03749178
1,0,0.3319331372623212,1,0.87951976
0,0,0.4312541165569595,0,0.64325136
1,0,0.5272543472201612,0,0.16054271
1,0,0.6639855014942789,1,0.8434055
0,0,0.5967964063373967,0,0.6512545
0,0,0.003631087559953809,0,0.006309995
0,0,0.5524775490664283,1,0.8230657
0,0,0.14611792631550413,0,0.3145246
1,0,0.10774423666909735,0,0.34887457
0,0,0.30995018006161723,0,0.16158876
0,0,0.27894490241046366,0,0.12983094
0,0,0.1706022770517289,0,0.0837037
0,0,0.2979969722257058,0,0.23583628
0,0,0.5042397478093,0,0.2815929
0,0,0.01918020687049717,0,0.0064011035
0,0,0.27590185861619837,0,0.3339664
0,0,0.16913743979668422,0,0.013427711
1,0,0.6792646781348267,1,0.85376847
1,0,0.5148345141344332,0,0.26772955
1,0,0.5748865238918112,0,0.40544933
0,0,0.07653652182399716,0,0.06962264
1,1,0.7103287213168743,0,0.58879673
1,1,0.8073940493893357,1,0.8977766
0,1,0.7843105680016075,1,0.82338125
0,0,0.45726474304131065,0,0.3969721
0,0,0.010209142906787812,0,0.0012964674
0,0,0.3603553742023352,0,0.17222698
0,0,0.4302765561077414,1,0.72958267
0,0,0.672843527930236,1,0.70097035
1,0,0.353106007458515,0,0.5775249
0,0,0.4520101365624074,0,0.6196935
0,0,0.06203851168764939,0,0.061663363
0,0,0.4489050421101352,0,0.59804016
0,0,0.3610552471113002,0,0.122067794
0,0,0.018800137949569688,0,0.00018355936
0,0,0.08799121736701557,0,0.33370093
0,0,0.21776175387260086,0,0.15706855
0,0,0.03349624147500111,0,0.034032907
0,0,0.0668253623460867,0,0.04848222
1,0,0.404606157138941,0,0.52849084
0,0,0.41372233225038507,0,0.034399364
0,0,0.44999709208608984,0,0.6486582
1,0,0.634898017687541,1,0.81499094
1,0,0.5186478521633942,1,0.73178905
1,0,0.491515636865691,0,0.42681232
0,0,0.005952089533253811,0,0.00045384065
0,0,0.6096757758385071,0,0.30539754
0,0,0.12946081613360083,0,0.07689312
0,0,0.20226419723239994,0,0.17046194
1,0,0.09051269489096465,0,0.023367018
0,0,0.33237714262174795,0,0.5125276
0,0,0.0025086647651836403,0,0.0013535287
0,0,0.06357430585347916,0,0.042257488
0,0,0.5125615445872139,0,0.23763178
0,0,0.10683092497705013,0,0.3147394
0,0,0.5612239753960826,0,0.3539407
1,0,0.6586962123096186,1,0.8005081
1,1,0.7830129011278907,1,0.87322265
1,0,0.5974917968420218,0,0.3710274
0,0,0.596320891009079,0,0.6972266
0,0,0.00110356104951358,0,0.00016298595
0,0,0.08542010683775522,0,0.11193981
0,0,0.007217082267570663,0,0.013620484
0,0,0.09847336913545222,0,0.012881325
0,0,0.06206407841160573,0,0.004577706
0,0,0.40337653782521565,1,0.74031836
0,0,0.08463208747394635,0,0.010945826
0,0,0.03163228135187695,0,0.034977444
0,0,0.009729704453037362,0,0.00052085624
0,0,0.002251862145532163,0,0.0017142474
0,0,0.1454895439879708,0,0.11067576
1,0,0.5174690042680277,0,0.49921376
0,0,0.0937814374173228,0,0.1018581
0,0,0.4849509141125488,0,0.2857124
1,1,0.7482592149137454,1,0.98355895
0,0,0.010078062051710432,0,0.0031926106
1,0,0.682666375192822,1,0.84610516
0,1,0.7408454293432617,0,0.5079528
0,0,0.05722026057272233,0,0.027527723
0,0,0.05799674981051469,0,0.010308169
0,0,0.006573136173214666,0,0.004102535
0,0,0.6035860310002673,0,0.33595592
0,0,0.14745414454627973,0,0.029902352
0,0,0.4891588684692122,0,0.107727356
0,0,0.5314266028214475,0,0.47410983
0,0,0.2647914192541339,0,0.12905772
0,0,0.05897725675810505,0,0.070302136
0,0,0.1889559382604716,0,0.022386743
0,0,0.005020102211362003,0,0.0028797484
0,1,0.7984986182473999,1,0.70161885
1,1,0.7713485495600473,1,0.9067954
1,0,0.327994165590197,0,0.3323883
0,0,0.48684019685887725,0,0.40964866
0,0,0.16768498090022574,0,0.07268977
0,0,0.0019287769170522608,0,0.00081783853
0,0,0.003235399561671634,0,0.0005655276
1,0,0.00804379618859586,0,0.0028047706
1,0,0.15090137187100902,0,0.36944094
0,0,0.3210734528192434,0,0.16736233
0,0,0.057207720379994526,0,0.0023276706
0,0,0.0068550339839755356,0,0.005823986
0,0,0.047544562996771386,0,0.00020567041
1,0,0.6654679883322149,0,0.41355234
0,0,0.3281137468567342,0,0.08732688
0,0,0.01251147318151541,0,0.0022421381
1,0,0.5086415765666176,0,0.51850635
1,1,0.7547903323389317,1,0.95573884
0,0,0.13928740091807804,0,0.045660272
0,0,0.03548055243825827,0,0.00301078
0,0,0.07464747815683812,0,0.0062271208
1,1,0.7571414446203705,1,0.9178887
0,0,0.05049400646640777,0,0.036327682
0,0,0.2835677865428897,0,0.08521177
0,0,0.39051180108806877,1,0.85928726
0,0,0.14962290263764116,0,0.2014673
0,0,0.05622140267724715,0,0.00153952
0,0,0.30267303202212814,0,0.33988246
1,1,0.7652295771796215,0,0.47807086
1,0,0.2433314310232812,0,0.060204092
0,0,0.3647652277909865,0,0.2877423
0,0,0.5829839148811037,0,0.2888485
0,0,0.061777916606692324,0,0.004344836
1,1,0.8014507684175924,1,0.80293286
0,0,0.422649704474601,0,0.59013623
0,1,0.7926503354593842,1,0.87368566
0,0,0.1613875089510303,0,0.056135748
0,0,0.37802017589604153,0,0.24652874
1,0,0.5031131056339893,0,0.19012603
0,0,0.0402438914982189,0,0.004346823
0,0,0.3747029959798955,0,0.5071614
0,0,0.5538376679545902,0,0.20159703
0,0,0.619962483497483,0,0.6751233
1,0,0.16729358844147363,0,0.07445781
0,0,0.5029355589841449,0,0.6963302
1,0,0.33049078951014754,0,0.2546105
0,1,0.75342557136256,1,0.95922536
0,0,0.41929078284042653,1,0.76921695
0,0,0.13984944534994706,0,0.21872236
0,0,0.5245764794996296,0,0.5720989
1,0,0.5872560092539614,0,0.387722
0,0,0.36212823271280775,0,0.2552392
0,0,0.433400563962856,0,0.121543184
0,0,0.19082678383165438,0,0.3028341
0,0,0.5043945456184568,1,0.7318391
0,0,0.019925249221916984,0,0.005228276
0,0,0.05801936068984975,0,0.020657865
0,0,0.36467912854324275,0,0.24656825
0,0,0.0019862329300499946,0,0.00014339229
1,1,0.7051307430516621,0,0.5818799
0,0,0.22522668722761255,0,0.0266634
1,0,0.028044798218094046,0,0.002391093
0,0,0.09739913356277458,0,0.13618907
0,0,0.0033024621556599354,0,0.011571989
1,0,0.5758739901660669,0,0.42822134
0,0,0.27588125998364754,0,0.14452013
0,0,0.04206964640184075,0,0.08866508
0,0,0.2961241972213941,0,0.1563831
0,0,0.022190033696305986,0,0.0021708566
0,0,0.2106498439929344,0,0.09168216
0,1,0.7203316542402893,0,0.52716124
0,0,0.04253454377834422,0,0.0065616746
0,0,0.003215230037017554,0,0.0003935212
0,0,0.25872486217480445,0,0.07733195
0,0,0.12457677813202933,0,0.6135024
0,1,0.7060495505403765,0,0.52028495
0,0,0.011179773751938986,0,0.0005061014
0,0,0.2792134017682131,0,0.036326203
1,1,0.7059687022180956,1,0.9072713
1,0,0.4805499414946859,0,0.26288965
0,0,0.4975950025454193,0,0.41955575
1,0,0.17541362083835702,0,0.055521525
0,0,0.2221281592097298,0,0.10568392
1,0,0.36543446103399757,0,0.14548083
0,0,0.13016328137099664,0,0.036441993
0,0,0.24577500043675368,0,0.17823839
0,0,0.10062408791002257,0,0.015828742
0,0,0.020725564619440605,0,0.004203042
0,1,0.747111965339294,0,0.6726147
0,0,0.48181487241503146,0,0.22372404
0,0,0.2507813839033301,0,0.042020533
0,0,0.38438989453086836,0,0.21250859
0,0,0.010640104386576933,0,0.0013521706
1,1,0.7327591579470948,1,0.7749891
0,0,0.14509133863291676,0,0.1294301
0,0,0.00364306319216026,0,0.0033998808
0,0,0.1796688618507887,0,0.39053622
0,0,0.00500526696298696,0,0.02029246
0,0,0.032514624884205756,0,0.0037591173
0,0,0.35533616476131696,0,0.159829
0,0,0.0012067655199937233,0,0.0006616555
0,0,0.017274536573526112,0,0.0072654565
0,0,0.30520981432496064,0,0.32693142
0,0,0.016352098725917707,0,0.09424265
0,0,0.3829716678130543,1,0.76437527
0,0,0.09891803504090056,0,0.006266196
0,0,0.08922558258938348,0,0.10227317
1,0,0.5268410666875128,0,0.23481132
0,0,0.052432265674883134,0,0.0097422805
0,0,0.09479320000262781,0,0.02177917
1,0,0.5095126455427897,0,0.3972115
1,0,0.5790415144516655,1,0.8967558
1,0,0.14245562831094422,0,0.01753163
0,0,0.07225256325166009,0,0.02329554
0,0,0.03520623568343889,0,0.0006704032
0,0,0.0013741038443243058,0,0.00028816817
0,0,0.28915468084489243,0,0.25386
1,0,0.6357329335613995,0,0.63831925
0,0,0.2729281622246602,0,0.09133421
1,0,0.5489791534654873,0,0.53262484
0,0,0.14305051186976928,0,0.37021485
0,0,0.198179383307467,0,0.37692943
0,0,0.17912787020469545,0,0.20085561
1,1,0.7936162373572886,1,0.98371166
0,0,0.23370853180649073,0,0.23250179
0,0,0.06835448036043756,0,0.032701433
0,0,0.009466324460266504,0,0.0010302999
1,0,0.3707293546227939,0,0.5537367
1,0,0.36116744050306315,0,0.61938596
0,0,0.2483177026237462,0,0.04899787
0,0,0.009326111946231222,0,0.00996746
0,0,0.00840378517062198,0,0.044679537
0,0,0.06017089187857177,0,0.0027889353
0,0,0.00746808462502913,0,0.00995566
1,0,0.6912566210151028,1,0.9021514
1,0,0.15910170025132564,0,0.053006627
1,0,0.6557387448216975,0,0.66678387
0,0,0.11651412782623351,0,0.0047005108
0,0,0.29020887008425417,0,0.5540553
0,0,0.0579715330374067,0,0.0041456963
0,0,0.008532986059448164,0,0.008554011
1,0,0.10237304070605846,0,0.03718015
0,0,0.007161398372418561,0,0.007867888
1,0,0.4735504786659494,0,0.100224406
0,0,0.0071958034958937815,0,0.009554069
0,0,0.03191542967580806,0,0.105698004
0,0,0.06984213051728234,0,0.018324254
0,0,0.4364637242178682,0,0.026179003
0,0,0.23072645369231307,0,0.09807068
1,0,0.21010726568952573,0,0.16011675
0,0,0.49370690239274906,0,0.109331444
0,0,0.10712913905057456,0,0.051148538
0,0,0.18151388275838037,0,0.2499631
1,1,0.7765541666724394,0,0.5073984
0,0,0.06390428440081995,0,0.011398118
1,0,0.3017411010259784,0,0.20500866
0,0,0.22206810957267484,0,0.072024256
0,0,0.0012156467636237139,0,0.00013877473
1,0,0.3117520402992232,0,0.28293693
0,0,0.04617403532532672,0,0.010733912
0,0,0.36036612855620886,0,0.1002234
0,0,0.07994224272434435,0,0.0007879498
0,0,0.3755325406137715,0,0.28913105
1,0,0.14195954776858402,0,0.0021909967
0,0,0.025916587036376296,0,0.0039102407
0,0,0.030389486106032097,0,0.008891578
0,0,0.08281510007277888,0,0.006573973
1,0,0.49029260238317474,0,0.3790673
0,0,0.004350288927006048,0,0.008887977
1,0,0.5655066241086033,1,0.7981476
0,0,0.009860620532968772,0,0.007214213
0,1,0.7436025675664069,1,0.7269642
0,0,0.3080914896130486,0,0.30940855
0,0,0.1417248263983211,0,0.10111228
0,0,0.08548156056526368,0,0.011342186
0,0,0.6888734672867771,1,0.8693517
1,0,0.36154933231561887,0,0.53338194
0,0,0.6861062600595815,0,0.34411478
0,0,0.14075542962695267,0,0.045861516
0,0,0.3544492807448325,0,0.080232285
1,1,0.718395167823779,1,0.88819385
1,1,0.7101824640133336,1,0.7101625
0,0,0.020910398318095068,0,0.010865746
0,0,0.0010275622123934465,0,0.0002663387
0,0,0.023848816158190712,0,0.007639408
0,0,0.02404510395643741,0,0.006907249
0,0,0.054024380376532594,0,0.01035604
0,0,0.6852711806642426,0,0.42864612
0,0,0.47989616083562464,0,0.44002137
1,0,0.683957423647927,1,0.8300376
0,0,0.00315712577432967,0,0.00032072363
0,0,0.21979686866963272,0,0.0091696875
0,0,0.011233172225759506,0,0.0003330666
0,0,0.011883839187934194,0,0.0077185156
0,0,0.038801892818297684,0,0.032250777
0,0,0.005342870491043373,0,0.0014480582
0,0,0.005699565877804701,0,0.0135905985
0,0,0.026222490853641114,0,0.0016938532
0,0,0.08351345462689941,0,0.03166196
0,0,0.039836923323682424,0,0.0039232373
0,1,0.7443057236545484,1,0.74830544
0,0,0.03497315437083303,0,0.0029337255
0,0,0.20679788676159525,0,0.09117801
1,1,0.7184886424982195,1,0.95623904
1,1,0.7515487704956159,1,0.7387351
1,0,0.27918255142680004,0,0.5411053
1,0,0.6904900236350411,1,0.9337278
1,0,0.44996554408920636,0,0.3669673
0,0,0.5394134690868324,0,0.64035225
0,0,0.24670694429160994,1,0.72896814
1,0,0.6510419881771305,0,0.60338634
0,0,0.08399792233404445,0,0.09827498
0,0,0.21161773759187122,0,0.24232721
0,0,0.1676442920453962,0,0.12570837
1,0,0.3012589227041783,0,0.03723025
0,0,0.17042424892659244,0,0.2121543
1,0,0.1902670841948726,0,0.061066832
0,0,0.6304869083118555,0,0.4386368
1,0,0.6743338781978137,1,0.94263005
1,0,0.08549062615453665,0,0.043169603
1,1,0.8336504242209759,1,0.91802233
1,0,0.20768626424987985,0,0.04842018
0,0,0.026628941209880314,0,0.048904687
0,0,0.29895411550448375,0,0.44676423
0,0,0.49933457420467864,0,0.36620155
0,0,0.3709063236155045,0,0.3001438
0,0,0.0885449663082062,0,0.011250718
0,0,0.00700337133669816,0,0.0045643523
0,0,0.03067935940664083,0,0.015412224
0,0,0.011341956795280607,0,0.015926909
0,0,0.29760079047929977,0,0.18899497
0,0,0.08859119207019109,0,0.015355873
0,0,0.03146621306051523,0,0.03726743
0,0,0.1933208446455136,0,0.04621688
1,0,0.5100403008485634,1,0.84832615
1,0,0.4326799754430828,0,0.67940503
0,0,0.0036009036912469415,0,0.0031879356
0,0,0.2518137752348372,0,0.095607445
0,0,0.14278270686585168,0,0.047466487
0,0,0.5785444069629334,0,0.27084583
0,0,0.007289443118279854,0,0.0026443691
1,0,0.6441576340085758,1,0.72307724
1,0,0.698040329515465,1,0.74962676
0,0,0.13711165867428254,0,0.09670977
0,0,0.0055724702132862606,0,0.009179081
0,0,0.6977533008662737,1,0.7467193
1,0,0.4813308005713936,0,0.43963742
0,0,0.6790022128930758,1,0.71243024
0,0,0.3582309479138707,0,0.19595903
0,0,0.029583138185826932,0,0.07239754
1,0,0.5578483832225591,0,0.50794667
1,0,0.4679955290547577,0,0.6585296
0,0,0.034134833024646705,0,0.003738877
0,0,0.08089717655784567,0,0.120121956
0,0,0.03521654893072603,0,0.076121695
0,0,0.4320927677609236,0,0.64325136
0,0,0.021299490992334455,0,0.09444689
0,0,0.017602009575227194,0,0.0011154786
0,0,0.2674363824858245,0,0.1193475
1,0,0.6666866965372479,0,0.26891044
0,0,0.18703994723880188,0,0.15170583
1,0,0.3995017095531469,0,0.47725207
0,0,0.6207782852344063,1,0.98770463
0,0,0.009965928927204843,0,0.008616033
0,0,0.2962949255472244,0,0.2228739
0,0,0.07952113195924043,0,0.033503126
0,0,0.602584474926137,1,0.7074697
0,0,0.26480877056505786,0,0.11084913
0,0,0.3234456028386073,0,0.46196988
0,0,0.001996985161216814,0,0.00016641236
0,0,0.008332513841467735,0,0.011046179
0,0,0.42514455378739513,0,0.59489685
0,0,0.18033715368882836,0,0.04808253
0,1,0.7037683178327597,1,0.8588294
0,0,0.537866168069838,0,0.40308142
0,0,0.1715484769415561,0,0.13175906
1,0,0.305391070436946,0,0.35301912
0,0,0.5251216014328376,1,0.8603215
0,0,0.00498774281263722,0,0.0010088946
1,0,0.11470882945715698,0,0.011601145
0,0,0.07591598969759303,0,0.002776265
0,0,0.15236892901979293,0,0.012427067
0,0,0.003794047466769265,0,0.001517008
0,0,0.19080547460309885,0,0.14469574
0,0,0.1478449829703758,0,0.101084635
0,0,0.01299872617993794,0,0.0382957
0,0,0.3328896029220979,0,0.07362643
1,0,0.3101872566078712,0,0.34666476
0,0,0.471686127886255,0,0.1584916
0,0,0.4665357651710368,0,0.32654956
1,0,0.03376898472007074,0,0.011593367
0,0,0.10849144422582764,0,0.21099985
1,0,0.3070250846459261,1,0.80351603
1,0,0.649197141307325,0,0.6844984
0,0,0.004575440900451444,0,0.0006890745
0,0,0.027967992503049086,0,0.015033906
1,0,0.17326125622443905,0,0.15395945
0,0,0.002553859371301908,0,0.0073117055
1,0,0.6357274544952466,1,0.7235675
0,0,0.07016714703670654,0,0.0027032746
1,0,0.055943937459147317,0,0.03653489
0,0,0.2218817665248528,0,0.15759368
1,1,0.8384225721060852,1,0.9373995
0,0,0.00571126630911087,0,0.00086504366
0,0,0.005962968871306312,0,0.0013431311
0,0,0.5924061022413784,1,0.8061701
1,1,0.8157109429749919,1,0.9152078
0,0,0.1870010576672156,0,0.21614145
0,0,0.002015504686849464,0,0.0042890655
0,0,0.08928538036647223,0,0.1416789
0,0,0.5636158479189689,0,0.29254228
1,0,0.6289572590403489,0,0.2108356
0,0,0.01629769529130815,0,0.013732385
0,0,0.006368274916598159,0,0.009329829
0,0,0.05750643517480384,0,0.01715699
0,0,0.369805294100555,0,0.55992454
1,1,0.7046754987348425,1,0.7537014
1,0,0.23331710063020253,0,0.31637302
0,0,0.12188615495779134,0,0.020334072
0,0,0.28689000582107016,0,0.04402254
0,0,0.003163859239967795,0,0.0033508039
0,0,0.10585866041802858,0,0.010735096
1,0,0.43221918841021606,0,0.18120337
0,0,0.05146018322407183,0,0.008518779
0,0,0.0064400941080980335,0,0.004654984
0,0,0.4382261764306811,0,0.12766063
0,0,0.40174569762895335,0,0.40185383
1,0,0.2199329460147425,0,0.09211519
0,0,0.09515673502903442,0,0.05068574
0,0,0.00155435851425439,0,0.00047529174
0,0,0.10159887362331521,0,0.010856986
0,0,0.40459944597628,0,0.6244805
1,0,0.019149000817778625,0,0.043601952
0,0,0.045256466679352514,0,0.08131509
0,0,0.01617955884251336,0,0.017833197
0,0,0.07955609781405966,0,0.1079682
0,0,0.21542580891982224,0,0.052042224
1,0,0.6654900154077509,0,0.59979534
0,0,0.00878695252926022,0,0.0029609082
0,0,0.0070913977027860795,0,0.00087170035
0,0,0.14976204316221617,0,0.029828373
0,0,0.6908657958582337,1,0.8064458
0,0,0.007934219116469939,0,0.0023158928
0,0,0.016371241240757256,0,0.026218323
0,0,0.09346646260684449,0,0.02229452
0,0,0.049409276368724685,0,0.053847846
0,0,0.45879436799704576,1,0.7648837
1,0,0.6853109751757461,0,0.6794229
0,0,0.35192300568167145,0,0.15453506
1,0,0.6232790109240641,1,0.85097545
0,0,0.04136780240764102,0,0.0037363092
0,0,0.04072469643457887,0,0.0049323863
1,1,0.8057961314908056,1,0.8077416
0,0,0.37350463699605185,0,0.046882063
0,0,0.007494792775356024,0,0.037405804
1,1,0.7482740231799789,1,0.90069
0,0,0.054423033739327935,0,0.04934797
0,0,0.38614241141826255,1,0.7971559
0,0,0.1380979894234245,0,0.039919946
0,0,0.052771569178668445,0,0.009241902
0,0,0.11255517528817059,0,0.14542724
0,0,0.32555909449427795,0,0.22363715
0,0,0.013812403807455948,0,0.0045766635
1,0,0.6651424713842047,1,0.72457325
0,0,0.48416701641972215,0,0.41000894
0,0,0.004324211172558312,0,0.003571968
0,0,0.02446926685925586,0,0.0010608925
0,0,0.32872964324114484,0,0.11123301
1,0,0.07174783088308287,0,0.01046432
0,0,0.1787060901123501,0,0.15329883
0,0,0.005434724846832129,0,0.0068430644
0,0,0.30769096016683667,0,0.088573426
0,0,0.11841834333224893,0,0.682662
1,0,0.21018958221304884,0,0.21322198
0,0,0.23304197581038283,0,0.3282177
0,0,0.5384705170827955,0,0.24675828
0,0,0.035375617594709544,0,0.0038926068
0,0,0.0032361532142846034,0,0.002454578
0,0,0.20159279312357545,0,0.054593015
1,1,0.7618710634116309,1,0.89960474
0,0,0.009162336612737416,0,0.021171333
0,0,0.004419821898241587,0,0.0022477189
1,0,0.6059370979144518,1,0.8766537
0,0,0.5979786873127599,1,0.76456153
0,0,0.0010374062940332724,0,0.00039467684
0,0,0.005436032394736188,0,0.10699777
0,0,0.4146699898014487,0,0.23471431
0,0,0.5302335069690868,0,0.42840907
1,0,0.29977009323960313,0,0.17735022
1,0,0.3697141118683237,0,0.09459625
1,0,0.5077495125411501,0,0.69814664
0,0,0.24336736231707448,0,0.27007955
0,0,0.06015173926034295,0,0.045817584
0,0,0.06093270174932865,0,0.02557577
0,0,0.032862817602662575,0,0.072058685
0,1,0.7658526683471591,1,0.77842987
0,0,0.11638229504375366,0,0.092563085
0,0,0.1374880140296212,0,0.059144452
1,1,0.8388371153576102,1,0.93313587
0,0,0.004224622104162864,0,0.0026686557
0,0,0.6484758479239021,1,0.8177614
0,0,0.20291201799804068,0,0.3530809
0,0,0.020942112348794693,0,0.019468823
0,0,0.037801793208731886,0,0.05716815
0,0,0.6793155680684784,1,0.86059
1,1,0.7430662441992987,1,0.8452875
1,1,0.7112840006458205,1,0.912217
0,0,0.0025210592982718417,0,0.0044822227
1,0,0.58989756262693,0,0.512783
0,0,0.1736164887663235,0,0.20917909
0,0,0.5304928542496903,0,0.57277083
0,0,0.5566241725409669,1,0.8595944
0,0,0.27405143817835326,0,0.15159465
0,0,0.01981340208713632,0,0.0031054013
0,0,0.36903386087023016,0,0.10614015
1,0,0.6698454734599701,0,0.58532697
0,0,0.027525308873456063,0,0.007961162
0,0,0.3069277003298155,0,0.24891232
0,0,0.02660016237046486,0,0.0011654379
0,0,0.6575087681892241,1,0.7423208
1,0,0.6704730259961413,0,0.6067694
1,0,0.4126938114719781,0,0.41225162
0,0,0.001959064147322765,0,0.001579076
1,0,0.6297013787550182,1,0.72201574
0,0,0.6630996793152328,0,0.5193547
1,0,0.5729584373540316,1,0.7296715
1,0,0.4881275926343777,0,0.4968729
0,0,0.07849964548456621,0,0.43004555
1,0,0.17150637921671041,0,0.027082173
0,0,0.043154338651061684,0,0.005954356
0,0,0.19161714716983644,0,0.11546093
0,0,0.47414274690923186,1,0.7098168
1,0,0.6925784473724071,1,0.9703671
1,0,0.20120219898739436,0,0.05873477
0,0,0.011544386936322797,0,0.00849448
1,0,0.6238692919235537,0,0.54996586
0,0,0.01030489382422349,0,0.003185474
1,0,0.694064992788523,0,0.42911813
1,0,0.538613915408962,0,0.11447219
0,0,0.07546840077373439,0,0.09884018
0,0,0.11820278877320405,0,0.019086478
0,0,0.01618491840152944,0,0.004646466
1,0,0.6244011519953526,0,0.2036029
0,0,0.031089871462220562,0,0.008978039
1,1,0.7094179877716573,1,0.95337236
1,1,0.7094798697915552,1,0.8012902
1,0,0.35669300897205336,0,0.24094068
1,0,0.5372429525486478,0,0.35346147
0,0,0.4566948117806576,0,0.37613007
0,0,0.16468774882344964,0,0.27155933
1,0,0.5929541430805627,0,0.4222847
1,0,0.35366680503116626,0,0.4661518
0,0,0.24140790037085594,0,0.15135834
0,0,0.47113252367482983,0,0.32399434
0,0,0.012348443933679114,0,0.00014413406
0,0,0.07120575070374256,0,0.011525482
0,0,0.17831550939820803,0,0.29680622
0,0,0.010553760679088166,0,0.00060632126
0,0,0.0022287511402520454,0,0.0017791933
0,0,0.1854488804924545,0,0.12927419
1,0,0.5072764140139534,0,0.38214546
0,0,0.031535911379127916,0,0.1017476
1,1,0.7191852845757325,0,0.35700288
0,0,0.6599451360871693,0,0.6564688
0,0,0.09654531925200618,0,0.08009702
0,0,0.27787377950040565,0,0.04476834
0,0,0.04864415930282329,0,0.0018014386
1,1,0.8524911287887347,1,0.9382372
0,0,0.22995928367312635,0,0.334114
1,0,0.6075980437315721,0,0.12031472
0,0,0.3082993444464214,0,0.5316511
0,0,0.0021371622280496137,0,0.0028025403
1,0,0.2574738802381346,0,0.12081879
0,0,0.0114585549338542,0,0.0021179807
1,0,0.5551978479368769,0,0.69676495
0,0,0.007423113211076928,0,0.036244757
0,0,0.4014066018096106,0,0.49426383
0,0,0.4534201812026314,0,0.38594922
0,0,0.0043912630303002,0,0.0012174179
0,0,0.35520048700482953,0,0.16258666
0,0,0.35795807686894493,0,0.103117645
0,0,0.01958792004445916,0,0.0015416311
0,0,0.2512747232107145,0,0.064704314
1,1,0.7475664630109762,0,0.6951411
0,0,0.69232806142167,1,0.84545195
0,0,0.013972548272801848,0,0.016192462
1,0,0.300475379730366,0,0.19694436
1,1,0.7807220507027895,1,0.9126789
0,0,0.06202855656786168,0,0.17488942
0,0,0.39709752442863044,0,0.35131028
0,0,0.017992063728734894,0,0.1428228
1,0,0.30575376352832123,1,0.7603719
0,0,0.04335983641124283,0,0.015443848
0,0,0.24495063333676684,0,0.4629343
0,0,0.0930432847886656,0,0.17969744
0,0,0.594405654115829,0,0.36786112
0,0,0.26247273604563154,0,0.10937898
1,1,0.7196633624632656,1,0.8891266
0,0,0.2928057345424152,0,0.0550137
0,0,0.010585813246498396,0,0.008824604
0,0,0.08601035280419622,0,0.37912142
0,0,0.10305111135749191,0,0.015470728
1,0,0.08725087188194941,0,0.076612614
1,0,0.45108232100130424,0,0.15013713
0,0,0.1476903632197765,0,0.11276839
0,0,0.09292433672951651,0,0.059376437
0,0,0.0016008140948429847,0,0.00025365458
1,0,0.5530126332767906,1,0.7747399
1,0,0.5566390605141741,0,0.4616654
1,0,0.36457508133877575,0,0.14520198
1,0,0.5685201107166568,0,0.5868957
0,0,0.012606009741139644,0,0.0067021325
0,0,0.032733887820677245,0,0.005449805
0,0,0.037824209538675234,0,0.0102337
1,1,0.7168055267974925,0,0.68816286
1,0,0.5239488022058091,0,0.20523728
0,0,0.3100379086176045,0,0.6683706
0,0,0.0059656179478399275,0,0.006448075
0,0,0.6282871117212414,1,0.875109
1,0,0.003092566506019886,0,0.0007347843
0,0,0.2912546047770382,0,0.13361938
0,0,0.00810670426034825,0,0.01611586
1,0,0.5898050987091824,0,0.3324817
0,0,0.0300436996876406,0,0.011883054
0,0,0.08454991257151134,0,0.3173455
0,0,0.13617145833164346,0,0.035262976
0,0,0.11824705419614448,0,0.02650358
0,0,0.0025538969551621997,0,0.00054982473
0,0,0.5721306607759852,0,0.63173586
0,0,0.0030380351701159865,0,0.0023291118
0,0,0.6500155623277087,0,0.3522376
0,0,0.16340453961792714,0,0.029860873
0,0,0.31195401770946296,0,0.35877553
1,0,0.20313304723078088,0,0.2206929
0,0,0.00757647593178003,0,0.004488685
0,0,0.002092229755337053,0,0.0013694213
1,0,0.5731793384981453,1,0.7156271
0,0,0.002921832064003837,0,0.0026642669
1,1,0.75342557136256,1,0.95922536
0,0,0.4214696060716312,0,0.1970238
1,0,0.026760551119208314,0,0.007952351
0,0,0.48576554442915865,0,0.40473226
0,0,0.09549100503917982,0,0.094246306
1,0,0.5984058789314366,0,0.47550392
0,0,0.18378660273101916,0,0.21606456
1,0,0.07214430357266603,0,0.09922416
0,0,0.3056915742338975,0,0.020382121
0,0,0.008940619584779418,0,0.005354012
0,0,0.6942513572449678,0,0.67202914
0,0,0.17460289583265393,0,0.19597328
0,0,0.23188473909162746,0,0.057097204
0,0,0.4831581360571105,1,0.8383655
0,0,0.3075708368858452,0,0.6853081
1,0,0.3137159826682803,0,0.16377841
0,0,0.09499762088676125,0,0.0591191
0,0,0.2557182241264501,0,0.34367853
1,0,0.5044881985218557,1,0.91897655
0,0,0.13514748380375405,0,0.27875257
0,0,0.015291225862364354,0,0.001736569
0,1,0.7494635606941171,0,0.6563533
1,1,0.7718035673673471,0,0.50652754
0,0,0.19345276872527925,0,0.3442149
1,0,0.602564961145042,1,0.8936503
1,1,0.7244248580155371,0,0.50007296
0,0,0.0016044866580945153,0,0.001636251
0,0,0.2896933554708019,0,0.45793384
0,0,0.03373678179679066,0,0.02120372
0,0,0.012198692573197294,0,0.00013317788
0,0,0.4235716333981511,0,0.16228493
0,0,0.24492833520895765,0,0.26912344
1,0,0.2410755602801107,0,0.5633171
0,0,0.083261713094598,0,0.00663988
1,1,0.8316146688354182,1,0.8636935
0,1,0.7078106551052689,1,0.7581057
1,0,0.6707392104481192,0,0.5790495
1,1,0.7061679657900661,1,0.79695046
0,0,0.16161603740670194,0,0.05558177
0,0,0.007408355473781106,0,0.037053507
1,0,0.693910282753804,1,0.7615492
0,1,0.8058347214143651,0,0.647001
0,0,0.2418281939152612,0,0.26541036
0,0,0.5565222295335724,0,0.56921506
0,0,0.03877824630520189,0,0.034086324
0,0,0.5715881697453578,0,0.15319632
0,0,0.10712462959432374,0,0.015846826
0,0,0.18311276058481926,0,0.23853028
1,0,0.5872642537252457,0,0.2726074
0,0,0.46059322244552586,0,0.3920173
0,0,0.23686175139420454,0,0.2467805
0,0,0.1932398651517103,0,0.05993433
0,0,0.3985451441398308,0,0.6068566
0,0,0.06324408620233049,0,0.1525539
0,0,0.06500321689224964,0,0.055437345
0,0,0.33610591018602837,0,0.04211496
0,0,0.011106471740999865,0,0.0077160834
0,0,0.29601986765567523,0,0.025473103
0,0,0.009625979959895113,0,0.0029597257
0,0,0.20466846744510914,0,0.35398698
0,0,0.11188810574244717,0,0.031635817
1,0,0.6216896668655884,1,0.85914654
0,0,0.020974178872862716,0,0.0015250071
0,0,0.057791754595577484,0,0.10016221
0,0,0.024604923220690186,0,0.002707277
1,1,0.8045074219979989,1,0.926697
0,0,0.04483458883646967,0,0.004377452
1,0,0.1952919060000882,0,0.16519281
0,0,0.3789216264385137,0,0.37380782
1,1,0.7237102436865962,0,0.5310927
0,0,0.03474662358378291,0,0.013328471
0,0,0.004228785034653369,0,0.004369251
0,0,0.00276444444022822,0,0.003817835
0,0,0.21453771854494147,0,0.20453048
1,0,0.21478574664375993,0,0.03231997
0,0,0.42193128615258507,0,0.38232312
0,0,0.23312648493004406,0,0.31856337
0,0,0.015065091985284915,0,0.00021633439
0,0,0.10675945037816363,0,0.0007563201
1,1,0.7103233495258837,1,0.8042317
1,0,0.6448918819609201,0,0.3872606
0,0,0.07599653925478554,0,0.06730404
0,0,0.010753203289036074,0,0.003776077
0,0,0.04191403984583881,0,0.0018472441
1,0,0.021715075156132357,0,0.025135048
1,1,0.7173927096517867,1,0.83888227
0,0,0.23585408011124043,0,0.056775343
0,0,0.1732795274768435,0,0.098508865
0,0,0.567905222567009,0,0.37390998
0,0,0.37102668273618367,0,0.5792079
0,0,0.3723377933376244,0,0.43742383
1,0,0.6873473359776504,0,0.59266466
1,0,0.11981045617366132,0,0.054466564
0,0,0.04443224395783667,0,0.089707516
0,0,0.2689166984522426,0,0.07094995
0,0,0.005926565871900124,0,0.0038872138
0,0,0.3144485745671752,0,0.33493072
1,0,0.5114549282024287,0,0.69421303
0,0,0.2928141198462509,0,0.03792201
0,0,0.277675150979764,0,0.56951517
0,0,0.019424118754692656,0,0.0384501
0,0,0.002797201030167249,0,0.009069288
0,0,0.512933233587142,0,0.6867126
0,0,0.3031762907433151,0,0.10573236
0,0,0.25900727861413836,0,0.09028174
0,0,0.010278616789524396,0,0.005547783
1,1,0.7703184120564339,1,0.7810107
0,0,0.6509116798406881,0,0.6792885
0,0,0.5635464464833677,0,0.299545
0,0,0.007527385183535977,0,0.00095563906
1,0,0.5068080711006678,1,0.7378219
0,0,0.6638389761015008,1,0.80276734
0,0,0.04017197164447591,0,0.17871445
0,0,0.35211710941784985,0,0.04103685
0,0,0.3872727904185396,0,0.11100644
0,1,0.7669552754241338,1,0.786881
0,0,0.6504527843997016,0,0.16247442
1,0,0.5643128115912253,0,0.567049
1,1,0.8074653954824049,1,0.9629192
0,0,0.07790756019990773,0,0.22332227
0,0,0.5676223760043304,0,0.30971548
1,0,0.3384070171379562,0,0.15428425
1,0,0.18066946704563736,0,0.11977131
1,0,0.4450812662114848,0,0.51361674
0,0,0.0014736644599938058,0,0.00067896006
0,0,0.05720029346689877,0,0.2613632
0,0,0.1708068785728811,0,0.058513567
0,0,0.002932199097655077,0,0.0005161813
0,0,0.2741088783196418,0,0.059247393
0,0,0.04466556342669936,0,0.008062754
0,0,0.4537458852035103,1,0.8409473
1,0,0.6872476407826699,1,0.9340834
0,0,0.01688381867969418,0,0.011752921
0,0,0.010164013640427391,0,0.0015985424
0,0,0.11470377041473334,0,0.02216982
0,0,0.09936695556640247,0,0.1068984
1,0,0.6991118387445939,0,0.27460086
0,0,0.027160039862334544,0,0.0071413964
0,0,0.6329805490867639,1,0.9019977
0,0,0.07400548704347122,0,0.003290412
0,0,0.07603303757427972,0,0.033463243
0,0,0.38391649813094336,0,0.3092782
1,1,0.7859589869310389,1,0.8539952
0,0,0.12698256150084636,0,0.005385035
0,0,0.009407403242471689,0,0.0037299905
0,0,0.02411374328147384,0,0.010173825
0,0,0.031244918960479887,0,0.017104732
0,0,0.16784741301092887,0,0.09807673
0,0,0.023369986257459386,0,0.13978939
0,0,0.2998514865308911,0,0.43211466
0,0,0.0012168642123075804,0,0.00021396606
0,0,0.15331981519061763,0,0.022250487
1,1,0.7560397430496759,1,0.8891625
0,0,0.03823096923325506,0,0.0011667102
0,0,0.04359595081547045,0,0.008365345
0,0,0.5862368247004487,0,0.6040386
1,1,0.8277027253596946,1,0.8203826
0,0,0.15184262132726187,0,0.04798467
0,0,0.19702314072049143,0,0.0078469
0,0,0.0035781645439311133,0,0.0021110114
0,0,0.13361666804184694,0,0.097421
1,0,0.6256111442824331,1,0.7448636
0,0,0.0033870546595217315,0,0.0012090702
0,0,0.5508310970145945,0,0.4912861
0,0,0.029334283211577557,0,0.053082302
0,0,0.01768542676063143,0,0.011452012
0,0,0.022275502918379857,0,0.003605086
0,0,0.20173624548179536,0,0.4705781
0,0,0.043653085170184416,0,0.011243887
0,0,0.2880522829370076,1,0.7524568
0,0,0.029595026694524667,0,0.001519831
0,0,0.013210803867642867,0,0.0020466694
1,1,0.7906012455652858,1,0.75414157
0,0,0.0411833994457849,0,0.004068215
0,0,0.09320909482358308,0,0.029006243
0,0,0.2677514918950591,0,0.14747292
0,0,0.0011799686418140674,0,0.00020322033
0,0,0.041564019284084465,0,0.004832904
0,1,0.7792811938478302,1,0.8261309
0,0,0.004281926742956447,0,0.10207143
1,0,0.5259212137643062,0,0.5187717
0,0,0.3485716646486516,0,0.14334531
0,0,0.3441574557764305,0,0.1201849
0,0,0.12555064255749565,0,0.06443676
0,0,0.20585805956032333,0,0.014220781
0,0,0.024358467596199702,0,0.0023609092
0,0,0.00402004148841861,0,0.007467267
